company_id,registration_date,location,turnover,is_fraud
GST000000,2020-01-31,Mumbai,2238330.393479253,0
GST000001,2020-03-20,Bangalore,4527477.249789344,0
GST000002,2020-11-05,Delhi,73790519.61902837,0
GST000003,2021-05-17,Delhi,6684217.673742692,0
GST000004,2021-10-04,Mumbai,2566.932158455612,1
GST000005,2020-02-04,Delhi,21096831.942807533,0
GST000006,2020-11-01,Kolkata,4328527.183268455,0
GST000007,2021-04-10,Kolkata,1986967.6734882535,0
GST000008,2022-01-09,Chennai,6084366.962545866,0
GST000009,2021-07-26,Mumbai,2007643.278334036,0
GST000010,2022-04-05,Mumbai,74856741.85399683,0
GST000011,2022-03-05,Mumbai,11154625.94818079,0
GST000012,2021-11-19,Kolkata,507220.8074363467,0
GST000013,2021-07-27,Chennai,12544013.901565976,0
GST000014,2020-03-06,Mumbai,3541802.6112194653,0
GST000015,2022-04-19,Delhi,716977.0127757693,0
GST000016,2021-06-19,Mumbai,38993104.68973325,0
GST000017,2020-07-02,Chennai,9743641.249264268,0
GST000018,2021-08-24,Chennai,232972.4439066267,0
GST000019,2020-01-22,Mumbai,184470834.39347097,0
GST000020,2020-11-03,Bangalore,121223.03735099011,0
GST000021,2020-07-18,Kolkata,87355865.81455714,0
GST000022,2021-09-14,Bangalore,120988478.65194345,0
GST000023,2020-08-24,Chennai,184353.84164062102,0
GST000024,2021-08-30,Bangalore,1882320.1685356451,0
GST000025,2022-07-08,Kolkata,143438970.25208616,0
GST000026,2022-02-28,Kolkata,150251519.78616747,1
GST000027,2021-11-16,Chennai,445708.9278916085,0
GST000028,2020-12-26,Chennai,49431.77573969969,0
GST000029,2021-10-04,Mumbai,8620551.074536067,0
GST000030,2021-12-29,Delhi,2426115.401745266,0
GST000031,2022-07-02,Chennai,1282143.7190231676,0
GST000032,2022-06-15,Bangalore,405265.3502398481,0
GST000033,2021-11-08,Delhi,46307.05930191979,1
GST000034,2020-12-11,Chennai,4759903.31861223,0
GST000035,2020-08-27,Delhi,1226603.6064544695,0
GST000036,2022-03-31,Mumbai,150549.2229997292,0
GST000037,2021-08-22,Chennai,8505294.52187408,0
GST000038,2021-07-22,Kolkata,487093.72853622993,0
GST000039,2020-09-28,Mumbai,782818.0214833134,0
GST000040,2021-06-11,Chennai,730998.7694648507,0
GST000041,2020-01-06,Mumbai,1649709.080310074,0
GST000042,2022-06-16,Delhi,3106178.389533587,0
GST000043,2020-09-21,Mumbai,49344673.94224469,0
GST000044,2020-08-21,Chennai,14595028.658315383,0
GST000045,2020-06-16,Chennai,499651.0729807721,0
GST000046,2020-12-30,Chennai,2315558.8734093034,0
GST000047,2020-03-27,Kolkata,113462.18695441267,0
GST000048,2021-12-09,Chennai,5144788.7100759605,0
GST000049,2020-01-03,Chennai,29672327.031651426,0
GST000050,2021-04-27,Mumbai,207657.58045575634,0
GST000051,2020-10-13,Mumbai,616997.3987935317,0
GST000052,2021-12-27,Bangalore,6507037.862312383,0
GST000053,2020-07-30,Bangalore,834270.7928482887,0
GST000054,2020-02-03,Bangalore,1294500.306767936,0
GST000055,2021-10-22,Bangalore,6695773.979245364,0
GST000056,2022-08-15,Delhi,123403.67101977841,0
GST000057,2022-03-29,Kolkata,397983.02600774326,0
GST000058,2021-05-25,Mumbai,4526088.3857994685,0
GST000059,2022-08-16,Mumbai,37006291.63468188,0
GST000060,2022-07-05,Kolkata,1401581.4138239434,0
GST000061,2020-06-10,Chennai,4238553.525742434,0
GST000062,2022-01-14,Mumbai,2534914.060017073,0
GST000063,2022-02-17,Chennai,6196359.523453267,0
GST000064,2022-09-04,Delhi,140270636.7976368,0
GST000065,2021-09-16,Kolkata,786339.6676922402,0
GST000066,2020-04-15,Bangalore,3976361.0151474597,0
GST000067,2022-04-25,Bangalore,2766842.655843757,0
GST000068,2021-06-29,Bangalore,209449.36407938637,1
GST000069,2020-12-09,Kolkata,4288991.590046657,0
GST000070,2020-04-02,Chennai,64297997.32769654,0
GST000071,2020-11-29,Chennai,365285.7415795603,0
GST000072,2020-03-14,Kolkata,18969900.329751752,0
GST000073,2021-12-15,Delhi,1957.8097946161388,1
GST000074,2021-06-02,Kolkata,21723012.752572827,0
GST000075,2022-01-30,Mumbai,6816539.852250799,0
GST000076,2020-01-16,Mumbai,23449982.34971627,0
GST000077,2022-07-12,Delhi,1070940.5891362184,0
GST000078,2020-10-07,Mumbai,561632.5145684545,0
GST000079,2020-04-16,Mumbai,526710.1411398404,0
GST000080,2022-05-02,Delhi,36989.98207721547,0
GST000081,2022-09-10,Chennai,21606848.03025949,0
GST000082,2022-06-15,Chennai,5065010.048689185,0
GST000083,2020-11-14,Chennai,704668.3796201458,0
GST000084,2022-04-13,Mumbai,6023179.383419723,0
GST000085,2020-07-19,Delhi,12843513.07440813,0
GST000086,2021-10-09,Delhi,21720658.400717918,0
GST000087,2021-06-15,Kolkata,1159096.1055352923,0
GST000088,2021-10-06,Chennai,7463921.957504999,0
GST000089,2020-05-13,Kolkata,2767682.697071102,0
GST000090,2021-03-23,Mumbai,33359856.577194996,0
GST000091,2020-07-16,Mumbai,3592508.6230615815,0
GST000092,2020-10-07,Bangalore,85297.87487498307,1
GST000093,2022-03-13,Kolkata,3375184.324330493,0
GST000094,2021-06-18,Mumbai,18769790.80751988,0
GST000095,2022-03-20,Bangalore,11093568.637946997,0
GST000096,2021-08-20,Kolkata,1855694.4998310294,0
GST000097,2021-02-09,Kolkata,7408.33592472558,1
GST000098,2022-09-15,Bangalore,8068918.4392008595,0
GST000099,2022-01-25,Mumbai,92742262.96983233,0
GST000100,2022-06-04,Delhi,2395113.267769245,0
GST000101,2022-08-29,Chennai,4581924.89197146,0
GST000102,2020-05-28,Mumbai,16854334.022643168,0
GST000103,2020-09-02,Bangalore,724091.7268075517,0
GST000104,2020-06-14,Chennai,738438.5682973636,0
GST000105,2020-05-04,Kolkata,101506.1394194282,0
GST000106,2020-06-05,Bangalore,363080.8388108869,0
GST000107,2022-06-13,Chennai,77711.48071820072,0
GST000108,2022-01-01,Delhi,684653.5404151503,0
GST000109,2020-04-03,Kolkata,218631.9316697771,0
GST000110,2022-06-30,Kolkata,83850961.81298697,0
GST000111,2020-08-27,Bangalore,1796026.974537783,0
GST000112,2021-08-05,Kolkata,54765.10522934423,0
GST000113,2020-07-09,Kolkata,8699466.161711575,0
GST000114,2021-12-12,Bangalore,1995863.6183924517,0
GST000115,2020-10-09,Mumbai,3063566.090537006,0
GST000116,2020-12-02,Bangalore,730579.5027558736,0
GST000117,2021-07-01,Delhi,28883070.147367068,0
GST000118,2022-04-06,Kolkata,2685790.345496624,0
GST000119,2021-03-07,Mumbai,237648717.34046334,0
GST000120,2021-10-16,Chennai,4680238.263608587,0
GST000121,2022-08-05,Bangalore,12942506.948181521,0
GST000122,2021-08-12,Delhi,2840880.730247489,0
GST000123,2020-07-04,Chennai,418840.8125794372,0
GST000124,2020-03-18,Chennai,6984058.416932291,0
GST000125,2022-03-31,Mumbai,4157259.7035505185,0
GST000126,2021-04-10,Kolkata,586735.7630268761,0
GST000127,2022-06-22,Kolkata,1501582.823317385,0
GST000128,2022-04-03,Delhi,84570.5948441454,0
GST000129,2020-05-24,Chennai,4132.816772845032,1
GST000130,2020-06-01,Kolkata,109802606.32137586,0
GST000131,2022-04-12,Chennai,3630552.8151796847,0
GST000132,2022-08-27,Bangalore,11245057.812525518,0
GST000133,2020-11-04,Kolkata,205640.6485133089,0
GST000134,2020-06-30,Mumbai,91154.93490144669,0
GST000135,2020-06-13,Chennai,2565545.717346742,0
GST000136,2021-02-22,Mumbai,2099196.069928871,0
GST000137,2020-06-29,Chennai,13733690.733465536,0
GST000138,2020-02-23,Bangalore,1612144.019634422,0
GST000139,2022-01-21,Bangalore,1604516.9206452218,0
GST000140,2020-09-15,Kolkata,1033794.1694486613,0
GST000141,2020-02-02,Kolkata,529737.7542828671,0
GST000142,2022-08-02,Mumbai,1400069.4473819246,0
GST000143,2020-02-02,Chennai,1095464.9121911055,0
GST000144,2021-04-06,Bangalore,2876312.423285309,0
GST000145,2021-07-13,Bangalore,7007444.665253507,0
GST000146,2022-01-11,Kolkata,27979852.05784713,0
GST000147,2020-08-19,Kolkata,24927548.101712234,0
GST000148,2022-09-02,Bangalore,1048634.8579774885,0
GST000149,2021-03-25,Bangalore,9878.65654325565,1
GST000150,2020-08-25,Bangalore,193563.79461549135,0
GST000151,2022-08-29,Bangalore,84572.73686432629,0
GST000152,2020-09-12,Delhi,42273005.99466247,0
GST000153,2021-09-27,Delhi,37279.7113220295,0
GST000154,2020-04-04,Chennai,1907311.9517217148,0
GST000155,2020-04-06,Mumbai,3184708.868969258,0
GST000156,2020-06-05,Kolkata,1248698.765242186,0
GST000157,2021-10-12,Delhi,464451.16874947224,0
GST000158,2022-04-19,Delhi,499155.4977146851,0
GST000159,2020-07-14,Mumbai,713258.3328378646,0
GST000160,2020-09-19,Chennai,80464879.19740853,0
GST000161,2020-08-18,Kolkata,3048617.2484309706,0
GST000162,2022-07-03,Delhi,51408.81847974458,0
GST000163,2020-01-11,Kolkata,2287237.9174135295,0
GST000164,2022-05-21,Mumbai,2338165.5817199517,0
GST000165,2021-06-30,Bangalore,6533948.162336144,0
GST000166,2021-07-30,Mumbai,1213048.5780403118,0
GST000167,2021-04-05,Chennai,13251.461485670725,1
GST000168,2022-08-04,Mumbai,2386164.97377303,0
GST000169,2020-10-30,Chennai,4731662.848009252,0
GST000170,2020-02-17,Delhi,1540107.921946011,0
GST000171,2020-04-05,Chennai,127010.39631482257,0
GST000172,2021-07-02,Mumbai,212949.2177812552,0
GST000173,2021-05-22,Mumbai,475268.60871718475,0
GST000174,2020-07-30,Bangalore,3777587.677272638,0
GST000175,2020-07-01,Kolkata,579748.684910428,0
GST000176,2020-02-15,Bangalore,95017.72139148021,0
GST000177,2022-03-23,Bangalore,801561.7791594221,0
GST000178,2020-10-03,Kolkata,3429317.549203769,1
GST000179,2021-07-23,Kolkata,603132.9455699921,0
GST000180,2020-12-24,Kolkata,11446557.0618433,0
GST000181,2022-09-24,Mumbai,411965.8537914627,0
GST000182,2021-04-19,Mumbai,38392478.612108506,0
GST000183,2020-02-03,Bangalore,1895032.2712628911,0
GST000184,2022-07-21,Delhi,82616181.07081561,0
GST000185,2021-12-23,Delhi,2078976.8875093742,0
GST000186,2020-01-14,Kolkata,266013.37327194185,0
GST000187,2020-04-03,Bangalore,17021727.621794313,0
GST000188,2022-06-08,Delhi,4346506.559705241,0
GST000189,2022-02-11,Delhi,1055400.695900592,0
GST000190,2022-06-11,Chennai,2934554.8603798863,0
GST000191,2021-04-06,Chennai,22420315.430272818,0
GST000192,2020-10-28,Delhi,36185643.70341755,0
GST000193,2022-03-29,Mumbai,1866176.1840768035,0
GST000194,2020-09-20,Kolkata,245827.60920764788,0
GST000195,2022-09-15,Chennai,1564852.5716679804,0
GST000196,2022-07-26,Kolkata,516815.6469788761,0
GST000197,2021-11-12,Delhi,22958238.362829737,0
GST000198,2021-09-04,Delhi,1859552.524997442,0
GST000199,2021-04-17,Kolkata,30010126.303847674,0
GST000200,2020-01-27,Kolkata,1512050.5086398814,1
GST000201,2021-11-04,Kolkata,3462394.562057672,0
GST000202,2022-02-04,Delhi,8927519.43445197,0
GST000203,2020-01-22,Kolkata,15554303.50852964,0
GST000204,2021-06-18,Mumbai,2882816.9679322336,0
GST000205,2021-05-06,Delhi,1709739.925291188,0
GST000206,2022-04-23,Bangalore,2636972.7109947293,0
GST000207,2022-04-05,Delhi,49784339.22726499,0
GST000208,2022-03-23,Bangalore,82046.95536082356,0
GST000209,2021-07-27,Kolkata,12876159.441381555,0
GST000210,2022-03-07,Mumbai,13222811.794832068,0
GST000211,2020-05-12,Chennai,1184198.9386104974,0
GST000212,2020-08-10,Delhi,381243.3128970482,0
GST000213,2020-03-11,Chennai,304465.04789798864,0
GST000214,2021-05-26,Chennai,143355.04961713738,0
GST000215,2020-01-06,Kolkata,10252418.404018156,0
GST000216,2021-04-29,Kolkata,1786647.7771356015,0
GST000217,2021-10-27,Delhi,2054038.056656874,0
GST000218,2021-10-24,Kolkata,2587655.5984343905,0
GST000219,2021-03-03,Mumbai,4991.717382711914,0
GST000220,2020-04-05,Kolkata,309361.37363156327,0
GST000221,2022-04-29,Chennai,1878121.2204413163,0
GST000222,2021-01-08,Bangalore,63799914.76243203,0
GST000223,2022-08-03,Chennai,457881.3022953566,0
GST000224,2021-06-17,Bangalore,583065.4196341888,0
GST000225,2020-08-09,Bangalore,541979.7656676754,0
GST000226,2022-08-13,Mumbai,188947759.6973077,0
GST000227,2021-05-26,Bangalore,268502.5826645368,0
GST000228,2021-10-27,Delhi,269964.7577203569,0
GST000229,2020-04-30,Mumbai,40527602.917249024,0
GST000230,2022-04-24,Delhi,162267.46769665516,0
GST000231,2020-02-19,Kolkata,79039558.58272469,0
GST000232,2020-01-01,Mumbai,590271.9416735461,0
GST000233,2020-03-28,Delhi,277648.25786713697,0
GST000234,2020-03-21,Kolkata,80568060.81331007,0
GST000235,2021-12-15,Bangalore,584493.7026535912,0
GST000236,2020-06-06,Mumbai,12493916.966163317,0
GST000237,2022-04-24,Delhi,2776032.6063178144,0
GST000238,2021-12-13,Bangalore,210018.99317240238,0
GST000239,2021-12-10,Chennai,28474620.097606312,0
GST000240,2020-09-09,Delhi,19684615.712694596,0
GST000241,2020-10-16,Mumbai,6541172.570383464,0
GST000242,2021-04-23,Chennai,18810049.25684688,0
GST000243,2020-06-01,Mumbai,57632361.6775995,0
GST000244,2021-04-18,Kolkata,5397471.999525171,0
GST000245,2022-07-31,Delhi,303492686.9755102,0
GST000246,2020-08-18,Bangalore,1457976.0536548628,0
GST000247,2021-11-23,Chennai,888960.2096059183,0
GST000248,2021-02-01,Mumbai,391391.70542946056,0
GST000249,2020-04-03,Delhi,3843687.570039522,0
GST000250,2020-08-20,Delhi,39250676.58926365,0
GST000251,2021-03-03,Bangalore,1045069.0202293646,0
GST000252,2022-01-02,Delhi,69200764.63053668,0
GST000253,2020-05-07,Kolkata,49276503.73155509,0
GST000254,2021-04-07,Kolkata,517629.77688088414,0
GST000255,2022-03-18,Mumbai,34216500.94664394,0
GST000256,2021-12-13,Kolkata,464201.87077062594,0
GST000257,2022-03-18,Delhi,2447141.9324136814,0
GST000258,2021-10-06,Bangalore,19381459.210394666,0
GST000259,2021-05-16,Mumbai,1880103.9993475503,0
GST000260,2022-04-20,Delhi,7441179.0510472525,0
GST000261,2020-06-14,Kolkata,20034100.082689576,0
GST000262,2021-09-24,Kolkata,3134266.702408043,0
GST000263,2022-09-25,Bangalore,44112.84670228277,0
GST000264,2021-10-22,Kolkata,7466461.5164384,0
GST000265,2021-10-22,Delhi,261379.06545878766,0
GST000266,2020-03-01,Bangalore,14534541.284351844,0
GST000267,2021-12-31,Kolkata,9671011.136952298,0
GST000268,2022-03-23,Bangalore,26997248.61626792,0
GST000269,2022-03-16,Kolkata,7370669.471963102,0
GST000270,2021-04-23,Chennai,8016750.158349704,0
GST000271,2020-07-12,Bangalore,17180331.70092529,0
GST000272,2020-01-15,Chennai,7566198.682614107,0
GST000273,2021-01-19,Chennai,13429224.481728923,0
GST000274,2021-09-14,Delhi,12984401.628990673,0
GST000275,2020-11-14,Chennai,403017.3001957229,0
GST000276,2022-04-21,Delhi,286146.93549660686,0
GST000277,2020-01-18,Mumbai,277734.7850160223,0
GST000278,2020-08-31,Chennai,194433.18214607623,0
GST000279,2022-01-06,Delhi,5243959.213849717,0
GST000280,2022-03-12,Mumbai,14138082.911810704,0
GST000281,2021-09-23,Kolkata,58273.8917475475,0
GST000282,2020-07-13,Chennai,4755654.424145157,0
GST000283,2021-06-28,Mumbai,108125.67461981712,0
GST000284,2020-10-08,Bangalore,436447.1618512243,0
GST000285,2022-04-13,Chennai,180553.8075171998,0
GST000286,2021-04-15,Bangalore,4658047.372082507,0
GST000287,2021-12-24,Mumbai,9545576.08065044,0
GST000288,2020-04-07,Delhi,799888.2859644904,0
GST000289,2022-02-05,Delhi,2397876.735248742,0
GST000290,2022-04-26,Kolkata,9846855.433487372,0
GST000291,2020-12-04,Delhi,2026510.1000506417,0
GST000292,2022-07-09,Delhi,237726.57351014874,0
GST000293,2021-06-13,Kolkata,1118455.345437205,0
GST000294,2021-05-16,Kolkata,2301227.314478476,0
GST000295,2020-04-09,Chennai,111217843.49743502,0
GST000296,2021-01-31,Bangalore,21159057.211116165,0
GST000297,2020-10-13,Mumbai,326533.4901808054,0
GST000298,2020-07-07,Delhi,16172803.706832072,0
GST000299,2022-06-30,Delhi,28252952.180845056,0
GST000300,2020-08-24,Chennai,13035798.518954495,0
GST000301,2021-11-23,Chennai,900539.6457311718,0
GST000302,2022-09-19,Chennai,1044285.4538985903,0
GST000303,2022-08-06,Bangalore,1705079.4602545144,0
GST000304,2022-07-28,Bangalore,964039.1522774752,0
GST000305,2020-01-14,Bangalore,2117488.6432330976,0
GST000306,2020-07-13,Kolkata,4976074.083983352,0
GST000307,2020-08-03,Bangalore,772945.6865113832,0
GST000308,2021-06-30,Kolkata,7546.378021959314,0
GST000309,2021-03-25,Delhi,43993173.24073793,0
GST000310,2021-07-04,Mumbai,218664.60059556295,0
GST000311,2020-04-09,Chennai,219652.2616287241,0
GST000312,2021-06-30,Delhi,455778.3575613178,0
GST000313,2022-04-23,Bangalore,761540566.0463028,0
GST000314,2022-01-22,Chennai,2223384.062771892,0
GST000315,2022-05-25,Bangalore,404103859.7998506,0
GST000316,2020-02-20,Bangalore,8165.259745441043,1
GST000317,2021-09-28,Chennai,3910725.8382906057,0
GST000318,2022-01-27,Delhi,2456785.8684731643,0
GST000319,2020-08-18,Bangalore,28194469.346011166,0
GST000320,2020-08-25,Bangalore,5090913.4106276315,0
GST000321,2020-08-23,Chennai,2314097.7655324023,0
GST000322,2020-09-14,Delhi,24036252.771581344,0
GST000323,2021-06-12,Delhi,7784457.78724835,0
GST000324,2021-08-13,Delhi,1236279.483927946,0
GST000325,2021-09-18,Kolkata,57766184.2162579,0
GST000326,2022-05-23,Kolkata,1405234.9870305716,0
GST000327,2021-04-25,Mumbai,95805.98757972942,0
GST000328,2020-08-25,Kolkata,41133292.21144776,0
GST000329,2022-07-31,Mumbai,154800615.46442586,0
GST000330,2021-03-12,Bangalore,66513736.17843148,0
GST000331,2022-02-15,Delhi,439215.6693091849,0
GST000332,2021-04-17,Mumbai,4061733.6557069984,0
GST000333,2021-02-04,Bangalore,8127403.487072037,0
GST000334,2020-09-04,Chennai,1599758.295668364,0
GST000335,2020-10-01,Mumbai,16633062.635875179,0
GST000336,2020-10-15,Delhi,10801737.745667832,0
GST000337,2022-06-07,Chennai,1688335.5648128765,0
GST000338,2022-03-18,Chennai,2971433.6868872265,0
GST000339,2020-10-22,Mumbai,2033976.7761341427,0
GST000340,2020-11-21,Mumbai,4414721.438443855,0
GST000341,2020-11-18,Kolkata,17983173.75664883,0
GST000342,2020-06-14,Mumbai,437704.30346554215,0
GST000343,2021-01-09,Bangalore,8749575.5091726,0
GST000344,2022-02-04,Chennai,1499553.170447805,0
GST000345,2020-05-26,Kolkata,11535378.43668589,0
GST000346,2022-09-11,Chennai,446017.31780189567,0
GST000347,2021-11-29,Bangalore,236335.8515038059,0
GST000348,2022-08-05,Bangalore,4653542.834850785,0
GST000349,2020-07-02,Kolkata,3163365.709221748,0
GST000350,2020-02-14,Delhi,414285.5307534169,0
GST000351,2021-02-01,Mumbai,6217205.594662917,0
GST000352,2020-07-08,Kolkata,1811.4016911174383,1
GST000353,2020-11-10,Bangalore,3620216.781004921,0
GST000354,2022-07-19,Mumbai,103535188.19995531,0
GST000355,2020-02-21,Kolkata,910130.8779638897,0
GST000356,2021-04-20,Kolkata,3100079.4050627802,0
GST000357,2020-09-27,Chennai,1058413.7026626172,0
GST000358,2021-04-07,Mumbai,278164.1552311504,0
GST000359,2021-09-19,Delhi,387128280.5682011,0
GST000360,2021-01-01,Delhi,5268287.307122249,0
GST000361,2022-04-03,Chennai,2115364.7058681413,0
GST000362,2022-08-17,Chennai,1517302.4390008599,0
GST000363,2022-03-20,Delhi,822015.8290044803,0
GST000364,2020-02-04,Kolkata,5449687.336718472,0
GST000365,2020-12-26,Mumbai,1825404.180124747,0
GST000366,2021-09-22,Bangalore,601644.6612172362,0
GST000367,2020-07-06,Mumbai,532636.1016587245,0
GST000368,2021-01-15,Delhi,2356036.275211758,0
GST000369,2020-08-03,Delhi,31063426.59433357,0
GST000370,2021-05-22,Mumbai,435724.35021406144,0
GST000371,2021-05-19,Mumbai,9493369.185800323,0
GST000372,2021-10-01,Mumbai,838174.7516752322,0
GST000373,2020-05-04,Mumbai,47282729.434562504,0
GST000374,2020-03-30,Mumbai,47813.09869483487,0
GST000375,2022-04-30,Chennai,24604114.036291696,0
GST000376,2020-12-30,Kolkata,14113577.357372526,0
GST000377,2022-02-25,Mumbai,828682.7398542974,0
GST000378,2021-06-22,Delhi,5194878.154105257,0
GST000379,2021-12-26,Delhi,1694694.6756670773,0
GST000380,2020-09-16,Bangalore,1430301.5930312308,0
GST000381,2021-03-04,Kolkata,28878123.781758863,0
GST000382,2021-12-05,Bangalore,53959241.59347388,0
GST000383,2022-01-27,Delhi,203501.33571889644,0
GST000384,2021-05-19,Delhi,62975885.67656965,0
GST000385,2020-09-07,Delhi,8637820.28168649,0
GST000386,2020-05-18,Kolkata,5972761.469689132,0
GST000387,2021-02-27,Chennai,7539272.627981763,0
GST000388,2020-04-02,Chennai,100030688.67146161,0
GST000389,2020-06-17,Chennai,25242920.017088506,0
GST000390,2020-08-13,Mumbai,8416635.043047914,0
GST000391,2020-01-06,Kolkata,346226154.21165156,0
GST000392,2020-06-03,Kolkata,22416.560874834653,1
GST000393,2022-09-06,Kolkata,2563791.729597834,0
GST000394,2021-06-15,Kolkata,274821.0956755863,0
GST000395,2021-11-21,Mumbai,2720627.696406243,1
GST000396,2022-03-29,Bangalore,8744416.733590437,0
GST000397,2021-05-19,Kolkata,214285.4062428446,0
GST000398,2022-02-11,Mumbai,655878.1644110668,0
GST000399,2021-09-06,Chennai,121823.9273269463,0
GST000400,2020-07-30,Chennai,2149107.0117070787,0
GST000401,2022-03-06,Bangalore,1314777.1750866186,0
GST000402,2022-01-28,Chennai,11357089.37225701,0
GST000403,2021-12-06,Delhi,3183314.6598166367,0
GST000404,2020-12-08,Bangalore,5601906.051955739,0
GST000405,2022-03-24,Mumbai,842023.8230959999,0
GST000406,2021-04-21,Kolkata,162849.0135810196,0
GST000407,2022-09-05,Kolkata,53707057.537057966,0
GST000408,2021-10-26,Bangalore,17514623.590732362,0
GST000409,2022-02-08,Delhi,751002.4127038006,0
GST000410,2022-03-15,Mumbai,52607682.78149124,0
GST000411,2020-07-31,Mumbai,5371630.939715484,0
GST000412,2021-04-21,Kolkata,1694942.5022754082,0
GST000413,2020-02-11,Delhi,324978.4462663985,0
GST000414,2021-07-20,Bangalore,30640518.52374684,0
GST000415,2020-05-23,Delhi,3120472.5047898386,0
GST000416,2020-11-18,Chennai,4562639.222556859,0
GST000417,2020-05-23,Kolkata,625069.0443224605,0
GST000418,2020-01-07,Delhi,9409285.969864864,0
GST000419,2020-07-24,Bangalore,8046328.701955149,0
GST000420,2021-08-15,Bangalore,10577234.816377683,0
GST000421,2020-04-28,Bangalore,12438951.790616222,0
GST000422,2020-02-04,Kolkata,984484.9857666771,0
GST000423,2020-02-06,Chennai,376941.8522310356,0
GST000424,2022-02-26,Mumbai,101269.28370564658,0
GST000425,2022-04-19,Bangalore,6079227.2632908365,0
GST000426,2021-06-14,Delhi,98073.60009681579,0
GST000427,2021-11-09,Chennai,231383.7922631574,0
GST000428,2022-03-20,Kolkata,1163651.3735925732,0
GST000429,2020-01-04,Mumbai,3359762.694017535,0
GST000430,2021-03-30,Bangalore,568348.6906272697,0
GST000431,2022-09-15,Kolkata,41944.44347941723,0
GST000432,2022-07-06,Bangalore,592362.487999889,0
GST000433,2020-11-30,Delhi,1392503.4139200675,0
GST000434,2021-07-12,Chennai,64590367.58287777,0
GST000435,2021-01-31,Kolkata,2893936.096785161,0
GST000436,2021-01-08,Delhi,137447759.05168587,0
GST000437,2020-07-19,Kolkata,4425174.823621047,0
GST000438,2021-05-07,Bangalore,2239437.3031198997,0
GST000439,2022-01-04,Bangalore,340539.0677857893,0
GST000440,2020-10-04,Mumbai,4808171.857646323,0
GST000441,2022-01-24,Bangalore,579226.6993381192,0
GST000442,2021-11-04,Delhi,4293983.590633273,0
GST000443,2021-08-10,Bangalore,131392.77073088544,0
GST000444,2021-10-16,Chennai,6505957.942200455,0
GST000445,2021-05-20,Chennai,677932.6205899131,1
GST000446,2021-09-11,Kolkata,2092386.920942716,0
GST000447,2020-12-19,Delhi,1006322.9532925226,0
GST000448,2022-09-16,Delhi,2761139.0951697216,0
GST000449,2021-01-23,Delhi,12838.677183226158,1
GST000450,2021-01-20,Mumbai,4210911.570763192,0
GST000451,2020-12-01,Mumbai,25825888.89594723,0
GST000452,2020-01-11,Chennai,2388411.2430666704,0
GST000453,2020-06-13,Mumbai,4768266.270984432,0
GST000454,2021-06-10,Bangalore,3259694.6399529194,0
GST000455,2020-06-18,Mumbai,172399.31603781108,0
GST000456,2021-12-20,Delhi,22961.11828136912,0
GST000457,2020-08-19,Kolkata,3668146.8876352347,0
GST000458,2020-02-13,Mumbai,90609648.92095938,0
GST000459,2022-06-09,Kolkata,1196.4796622198721,1
GST000460,2022-09-01,Mumbai,13895504.97016882,0
GST000461,2022-02-24,Bangalore,2042624.5953086629,0
GST000462,2020-01-16,Mumbai,248271.87595945448,0
GST000463,2021-03-20,Chennai,43691920.385025546,0
GST000464,2022-07-21,Mumbai,9457542.923882382,0
GST000465,2020-02-06,Chennai,14915282.643618312,0
GST000466,2021-01-09,Bangalore,1197546.2772165893,0
GST000467,2022-04-07,Kolkata,232286.07283254914,0
GST000468,2021-12-03,Kolkata,19922216.356039505,0
GST000469,2021-02-15,Delhi,7003576.27984933,0
GST000470,2020-01-09,Chennai,630997.0259006907,1
GST000471,2021-12-04,Kolkata,2788981.4417834356,0
GST000472,2020-10-30,Chennai,690418.3645707449,0
GST000473,2020-06-04,Chennai,30253837.96957664,0
GST000474,2021-08-25,Mumbai,6651011.701635367,0
GST000475,2021-09-19,Bangalore,11683224.651594242,0
GST000476,2021-11-03,Mumbai,3431969.6256823726,0
GST000477,2021-12-07,Chennai,73490.8793173409,0
GST000478,2021-09-26,Delhi,243784.79758266933,0
GST000479,2020-02-05,Mumbai,513481.91979584296,0
GST000480,2022-02-17,Delhi,685271.6953808059,0
GST000481,2021-04-22,Mumbai,582123.027063251,0
GST000482,2020-05-12,Bangalore,15260888.891485015,0
GST000483,2021-07-22,Delhi,353238.3091055729,0
GST000484,2020-01-14,Chennai,21124724.718131818,0
GST000485,2022-01-26,Bangalore,3335579.9339852864,0
GST000486,2021-03-17,Mumbai,305460.9101241989,1
GST000487,2020-04-26,Bangalore,519969.4849823307,0
GST000488,2022-04-16,Mumbai,90184717.84136221,0
GST000489,2021-04-07,Mumbai,7735536.767889806,0
GST000490,2022-06-29,Kolkata,8275822.720543675,0
GST000491,2020-03-10,Chennai,1487058.5365977155,0
GST000492,2020-05-30,Kolkata,60670097.66232406,0
GST000493,2021-03-24,Bangalore,50658894.10982639,0
GST000494,2022-04-14,Mumbai,10584388.41615368,0
GST000495,2020-03-23,Bangalore,1117478.3015667344,0
GST000496,2021-08-16,Delhi,2996344.789135123,0
GST000497,2020-12-27,Delhi,32388574.860329732,0
GST000498,2021-10-31,Kolkata,65820.36244771602,0
GST000499,2022-04-04,Bangalore,6348406.194368689,0
GST000500,2022-05-15,Delhi,2360975.05798548,0
GST000501,2021-04-23,Delhi,13612124.002578862,0
GST000502,2021-02-01,Mumbai,22505.521650315433,1
GST000503,2021-05-10,Kolkata,13996835.672821939,0
GST000504,2020-01-02,Delhi,27152592.22355936,0
GST000505,2020-10-28,Delhi,703942.643188836,0
GST000506,2021-12-01,Bangalore,7411810.581995275,0
GST000507,2022-09-16,Delhi,75048.5120434822,1
GST000508,2021-02-09,Mumbai,1834530.4602002944,0
GST000509,2022-06-29,Chennai,732979.0415113808,0
GST000510,2022-09-05,Mumbai,10614235.06724606,0
GST000511,2022-03-23,Kolkata,1426468.1764889807,0
GST000512,2022-09-16,Mumbai,1084766.1885223554,0
GST000513,2021-12-07,Bangalore,94987842.61697045,0
GST000514,2021-03-25,Mumbai,15159817.631169254,0
GST000515,2020-01-06,Mumbai,5775649.567888686,0
GST000516,2022-09-04,Delhi,3835680.6858007866,0
GST000517,2021-08-06,Kolkata,830781.7873536536,0
GST000518,2020-06-15,Bangalore,3653924.5846943976,0
GST000519,2020-01-22,Mumbai,21958991.034858383,0
GST000520,2022-05-26,Kolkata,3531239.8175664037,0
GST000521,2021-10-11,Mumbai,7740867.794621619,0
GST000522,2021-10-08,Kolkata,2243111.415626266,0
GST000523,2020-03-06,Kolkata,715411.8512604531,0
GST000524,2020-09-24,Delhi,13456968.597521441,0
GST000525,2022-07-12,Bangalore,6867766.823013454,0
GST000526,2022-03-07,Mumbai,913664.3803009349,0
GST000527,2020-11-15,Kolkata,14122625.096592346,0
GST000528,2022-01-17,Chennai,11875716.60009272,0
GST000529,2020-06-05,Mumbai,39103028.02459814,0
GST000530,2022-01-30,Delhi,5296983.492168551,0
GST000531,2020-10-21,Chennai,17852412.584092923,0
GST000532,2020-02-09,Bangalore,5313520.277589872,0
GST000533,2022-04-02,Delhi,8816938.07525634,0
GST000534,2020-04-17,Mumbai,937587.3029223669,0
GST000535,2020-07-14,Mumbai,11527236.367972177,1
GST000536,2021-12-22,Delhi,13131381.789083842,0
GST000537,2021-04-30,Chennai,1177112.5787067346,0
GST000538,2021-04-11,Mumbai,7213457.008334407,0
GST000539,2021-10-30,Chennai,1963357.540434746,0
GST000540,2022-01-07,Chennai,27277641.198743034,0
GST000541,2021-07-05,Bangalore,36667882.18098009,0
GST000542,2020-12-31,Kolkata,722036.7411421086,0
GST000543,2020-03-25,Mumbai,9278841.807992112,0
GST000544,2021-08-05,Kolkata,297801.6820089489,0
GST000545,2021-09-28,Mumbai,1294941.0623240443,0
GST000546,2022-07-20,Mumbai,2053968.5641876913,0
GST000547,2020-08-02,Delhi,1192598.2540672638,0
GST000548,2022-09-08,Chennai,104253868.54904632,0
GST000549,2021-06-27,Delhi,46819.148431245834,0
GST000550,2021-11-25,Delhi,1879340.1802229076,0
GST000551,2021-04-04,Delhi,85693022.63148953,0
GST000552,2021-01-25,Bangalore,4049326.076147872,0
GST000553,2022-04-29,Delhi,3105589.8138013235,0
GST000554,2021-03-12,Chennai,9649816.165023034,0
GST000555,2020-01-26,Delhi,7221425.1395123545,0
GST000556,2020-08-18,Mumbai,292237.0609165221,0
GST000557,2021-01-09,Delhi,4464328.230414734,0
GST000558,2022-07-11,Kolkata,620549.8489949369,0
GST000559,2021-07-26,Mumbai,10252266.6137756,0
GST000560,2020-09-02,Mumbai,14420181.846251467,0
GST000561,2022-06-22,Mumbai,49166718.104119785,0
GST000562,2021-02-12,Delhi,11171240.343908878,0
GST000563,2021-04-29,Bangalore,1233612.8992510405,0
GST000564,2022-02-11,Chennai,24543098.230826918,0
GST000565,2020-05-02,Mumbai,2279991.233994213,0
GST000566,2022-08-23,Bangalore,132231131.21432231,0
GST000567,2022-08-14,Mumbai,3759391.0357945333,0
GST000568,2022-06-22,Mumbai,26529274.183975365,0
GST000569,2021-12-02,Bangalore,2409050.025208373,0
GST000570,2022-07-14,Delhi,28113747.90056309,0
GST000571,2020-02-11,Chennai,1650633.7509813062,0
GST000572,2020-05-29,Bangalore,40133629.24166717,0
GST000573,2021-12-16,Mumbai,1825636.8740896385,0
GST000574,2021-03-14,Chennai,8322619.615280668,0
GST000575,2020-12-16,Bangalore,1705385.6389070512,0
GST000576,2022-08-27,Mumbai,710741865.1833602,0
GST000577,2022-03-26,Bangalore,351862.2168619942,0
GST000578,2020-12-10,Kolkata,2487613.597609027,0
GST000579,2020-05-23,Delhi,15573974.413453028,0
GST000580,2021-10-28,Bangalore,8903810.867888758,0
GST000581,2020-03-16,Delhi,7394118.846509702,0
GST000582,2020-02-16,Mumbai,3564283.111364111,0
GST000583,2021-05-18,Bangalore,46120901.33822734,0
GST000584,2021-04-06,Mumbai,42900.35916662908,0
GST000585,2021-05-12,Delhi,2025529.8045850957,0
GST000586,2021-01-17,Bangalore,2071599.632162854,0
GST000587,2022-08-26,Delhi,578799.2274159157,0
GST000588,2022-08-23,Chennai,7214407.447309848,0
GST000589,2022-02-24,Kolkata,146642401.20317307,0
GST000590,2022-01-05,Mumbai,8088091.339798521,0
GST000591,2020-07-07,Mumbai,5910474.131738098,0
GST000592,2022-02-28,Kolkata,3036103.022722909,0
GST000593,2020-07-16,Mumbai,15686893.36147389,0
GST000594,2021-03-23,Delhi,41955.9181853192,0
GST000595,2022-03-01,Bangalore,15086533.470501367,0
GST000596,2022-08-28,Kolkata,2047056.0540782122,0
GST000597,2022-06-07,Chennai,94469837.70429659,0
GST000598,2022-08-17,Mumbai,4078048.7766271695,0
GST000599,2020-10-28,Mumbai,3118319.7985215387,0
GST000600,2021-10-29,Delhi,4217587.318980956,0
GST000601,2020-06-09,Bangalore,524755.1948208186,0
GST000602,2022-03-12,Mumbai,371088.51844924054,0
GST000603,2022-05-05,Kolkata,13706150.529554324,0
GST000604,2021-12-25,Chennai,7396084.061953575,0
GST000605,2022-07-27,Delhi,7821558.222861047,0
GST000606,2020-01-18,Bangalore,2457607.325549938,0
GST000607,2021-06-19,Kolkata,394415.6606240573,0
GST000608,2022-01-11,Kolkata,18607423.436553907,0
GST000609,2022-04-25,Delhi,18749772.6661533,0
GST000610,2022-07-27,Bangalore,16406222.602234503,0
GST000611,2021-01-05,Kolkata,2746582.9177664127,0
GST000612,2022-01-25,Kolkata,2619719.920771794,0
GST000613,2022-04-10,Bangalore,60544.53133874843,0
GST000614,2021-10-16,Chennai,235140.1854004578,0
GST000615,2022-06-04,Chennai,134646585.56802183,0
GST000616,2022-04-10,Chennai,8924771.096173864,0
GST000617,2021-10-30,Kolkata,5430456.0194513155,0
GST000618,2022-02-10,Delhi,334392.0248847374,0
GST000619,2022-04-14,Chennai,608145.1827136129,0
GST000620,2022-04-21,Delhi,69800561.11695257,0
GST000621,2021-09-29,Mumbai,54330.57290504424,0
GST000622,2021-03-07,Delhi,1553232.3789397054,0
GST000623,2020-03-14,Delhi,4634124.025717059,0
GST000624,2022-05-11,Chennai,13510604.19595995,0
GST000625,2020-05-27,Delhi,2114129.5863013286,0
GST000626,2021-03-28,Mumbai,2318409.79521679,0
GST000627,2020-08-08,Mumbai,15619051.266773574,0
GST000628,2022-05-01,Mumbai,1725185.5195579706,0
GST000629,2022-07-31,Bangalore,1978610.020044951,0
GST000630,2021-06-09,Delhi,8186596.0181829035,0
GST000631,2021-12-29,Delhi,29812.833460932838,0
GST000632,2022-06-24,Bangalore,818524.5248728188,0
GST000633,2021-01-13,Delhi,97269073.39647311,0
GST000634,2021-04-27,Kolkata,13619534.941698788,0
GST000635,2021-10-03,Delhi,183795.23144784253,0
GST000636,2022-02-16,Chennai,218366380.9541026,0
GST000637,2022-03-09,Mumbai,1212139.1247407682,0
GST000638,2020-08-29,Kolkata,321.58436431003236,1
GST000639,2021-12-15,Chennai,1316662.6284610506,0
GST000640,2022-07-27,Mumbai,809824.6177528184,0
GST000641,2021-03-21,Kolkata,105733006.94425645,0
GST000642,2021-02-03,Chennai,194751.19942047793,0
GST000643,2021-03-07,Delhi,4013716.4562474363,0
GST000644,2020-04-11,Kolkata,988373.3225336995,0
GST000645,2020-12-02,Kolkata,677567.5186628562,0
GST000646,2020-11-13,Kolkata,1585867.4340852643,0
GST000647,2022-07-27,Bangalore,8476788.157445434,0
GST000648,2020-01-12,Mumbai,62570.18383775701,1
GST000649,2020-07-24,Bangalore,35760854.087335505,0
GST000650,2020-05-21,Mumbai,18923238.46199024,0
GST000651,2020-06-23,Delhi,20534574.86093816,0
GST000652,2021-06-16,Delhi,2099512.772546077,0
GST000653,2020-03-21,Mumbai,2697664.359447108,0
GST000654,2020-10-09,Bangalore,2016.2393842874344,1
GST000655,2022-05-18,Chennai,9423640.600353297,0
GST000656,2021-06-26,Kolkata,33485696.1695128,0
GST000657,2022-02-18,Chennai,837001.4418883772,0
GST000658,2020-04-13,Delhi,284309.12634917046,0
GST000659,2021-02-26,Kolkata,1113537.5405232594,0
GST000660,2022-02-18,Mumbai,3820386.58408073,0
GST000661,2020-03-16,Bangalore,12452619.340106824,0
GST000662,2022-06-18,Mumbai,180084.4218863054,0
GST000663,2022-07-09,Mumbai,20594642.788071442,0
GST000664,2020-07-20,Mumbai,5949725.520549415,0
GST000665,2022-08-14,Delhi,6930022.8970850045,0
GST000666,2022-09-16,Chennai,2240859.6616683523,0
GST000667,2021-02-14,Bangalore,15038692.703314638,0
GST000668,2021-03-13,Kolkata,7040780.841873701,0
GST000669,2020-03-25,Bangalore,6354554.993006195,0
GST000670,2021-03-29,Kolkata,1140309.6938443417,0
GST000671,2021-08-16,Bangalore,2536428.563658417,0
GST000672,2021-04-19,Kolkata,98932.6082251005,0
GST000673,2021-07-22,Kolkata,80227402.93582399,0
GST000674,2020-12-21,Delhi,4514690.082931491,0
GST000675,2021-02-21,Bangalore,212006.48084704173,0
GST000676,2020-08-18,Bangalore,1819657.574269951,0
GST000677,2020-10-28,Kolkata,18902.88340263532,0
GST000678,2021-05-09,Delhi,24582.224822950513,0
GST000679,2021-12-08,Delhi,83713551.74506827,0
GST000680,2021-02-16,Chennai,50337.11171070267,1
GST000681,2021-02-08,Mumbai,55805.367651188295,0
GST000682,2020-01-12,Delhi,253773.4484818035,0
GST000683,2021-03-17,Bangalore,5404911.4971726,0
GST000684,2021-09-03,Chennai,1156016.4700148473,0
GST000685,2020-05-18,Bangalore,187483.06130566236,0
GST000686,2020-12-10,Bangalore,631101.6466859722,0
GST000687,2020-10-03,Bangalore,1806833.9855059911,0
GST000688,2020-12-14,Kolkata,3019376.311869459,0
GST000689,2020-04-03,Chennai,41825.787830527814,0
GST000690,2022-01-02,Delhi,3073649.0859151664,0
GST000691,2021-02-22,Delhi,10427627.559351273,0
GST000692,2020-06-23,Kolkata,3281243.597764588,0
GST000693,2022-08-01,Kolkata,8327594.946346933,0
GST000694,2021-04-24,Mumbai,57234.72469684482,0
GST000695,2021-09-21,Delhi,36889.589031123774,1
GST000696,2020-01-16,Kolkata,1104640.4075404508,0
GST000697,2021-01-12,Mumbai,12569802.537560413,0
GST000698,2020-05-16,Kolkata,32296518.39053297,0
GST000699,2020-11-19,Bangalore,4899887.883338116,0
GST000700,2021-02-20,Delhi,30067841.75442792,0
GST000701,2022-04-05,Chennai,32074115.132661805,0
GST000702,2020-01-05,Delhi,6449811.754706168,0
GST000703,2021-01-10,Kolkata,2613930.3819422927,0
GST000704,2021-06-07,Bangalore,4802869.017370052,0
GST000705,2020-05-24,Bangalore,893847800.2243977,0
GST000706,2021-07-15,Delhi,5847259.373748364,0
GST000707,2020-03-08,Delhi,2049342.874075848,0
GST000708,2020-02-25,Kolkata,1012968.3983417253,0
GST000709,2020-07-08,Bangalore,5702051.537721861,0
GST000710,2022-02-03,Mumbai,695697.5662498765,0
GST000711,2020-09-12,Chennai,11360086.458231756,0
GST000712,2022-07-28,Delhi,10347604.256754508,0
GST000713,2022-09-07,Mumbai,5792627.511462618,0
GST000714,2021-04-23,Bangalore,2704624.143557734,0
GST000715,2021-02-26,Kolkata,40441387.98972465,0
GST000716,2021-10-10,Delhi,478683.039665267,0
GST000717,2022-01-07,Chennai,135490407.49907088,0
GST000718,2022-05-18,Chennai,2056262.7046124258,0
GST000719,2020-06-28,Bangalore,11313571.223199548,0
GST000720,2021-01-04,Chennai,2643369.8930763444,0
GST000721,2020-04-22,Delhi,14353447.608645497,0
GST000722,2022-07-03,Bangalore,312324147.44999766,0
GST000723,2020-12-19,Mumbai,2450132.409841564,0
GST000724,2021-12-10,Mumbai,265223.5748444538,0
GST000725,2020-09-12,Bangalore,6463.981630384852,1
GST000726,2022-06-11,Delhi,2145289.501183627,0
GST000727,2021-05-26,Bangalore,36506863.43734909,0
GST000728,2021-03-28,Bangalore,297724.5481590429,0
GST000729,2020-05-26,Kolkata,2368865.4262955887,0
GST000730,2022-08-23,Mumbai,32154310.74367977,0
GST000731,2020-02-22,Delhi,8037733.161146194,0
GST000732,2021-04-19,Kolkata,341724599.40091646,0
GST000733,2021-10-01,Bangalore,328243.24402492656,0
GST000734,2021-10-19,Kolkata,544141.9379833705,0
GST000735,2020-11-20,Delhi,3266986.4158787816,0
GST000736,2021-02-22,Bangalore,7356.7362744596785,1
GST000737,2022-03-27,Bangalore,23602522.58546752,0
GST000738,2020-04-08,Delhi,741797.7574328451,0
GST000739,2022-03-09,Kolkata,3274965.3458028603,0
GST000740,2020-02-15,Delhi,35642635.46127131,0
GST000741,2021-02-04,Chennai,2273600.4810400787,0
GST000742,2021-11-03,Chennai,3536571.926217026,0
GST000743,2020-04-15,Mumbai,220895.3536834175,0
GST000744,2021-01-27,Kolkata,2049035.5520964894,0
GST000745,2020-03-01,Bangalore,1241672.7008780933,0
GST000746,2022-08-07,Delhi,147302668.66801304,0
GST000747,2022-03-05,Bangalore,31476117.818058874,0
GST000748,2020-04-03,Kolkata,154456.27243425403,0
GST000749,2020-06-24,Kolkata,3646046.0225715353,0
GST000750,2021-08-30,Delhi,11028039.846592434,0
GST000751,2021-08-15,Kolkata,812744.6682333978,0
GST000752,2021-03-24,Mumbai,643389.3646324235,0
GST000753,2020-04-02,Kolkata,6192301.220793755,0
GST000754,2022-04-11,Mumbai,83749589.09555207,0
GST000755,2020-12-02,Delhi,5656091.1861030795,0
GST000756,2021-08-19,Chennai,15803912.480683519,0
GST000757,2022-08-19,Mumbai,751579.7495836584,0
GST000758,2020-12-29,Kolkata,125499931.23197603,0
GST000759,2022-01-28,Kolkata,3112540.2615180477,0
GST000760,2022-03-23,Bangalore,1588045.5938387837,0
GST000761,2022-05-03,Mumbai,2503947.726025214,0
GST000762,2020-04-02,Bangalore,8658647.536868034,0
GST000763,2020-12-11,Bangalore,902415.4548573324,0
GST000764,2021-01-12,Chennai,197602.13391799084,0
GST000765,2020-05-07,Kolkata,963336.8076172837,0
GST000766,2022-09-04,Mumbai,1145335.3001479914,0
GST000767,2020-10-07,Kolkata,618209.2126297952,0
GST000768,2020-07-07,Kolkata,8460490.61561044,0
GST000769,2020-05-19,Kolkata,266803418.3895745,0
GST000770,2020-12-01,Mumbai,6640412.865690312,0
GST000771,2020-03-26,Mumbai,2550354.8751822705,0
GST000772,2020-11-28,Bangalore,958138.035391693,0
GST000773,2020-07-14,Delhi,45724488.10312634,0
GST000774,2022-09-12,Bangalore,495481.3488661903,0
GST000775,2020-02-22,Mumbai,1660735.4729262874,0
GST000776,2022-08-01,Delhi,9821683.08954053,0
GST000777,2022-04-01,Bangalore,1707593.6950687228,0
GST000778,2020-08-05,Chennai,87900800.51771219,0
GST000779,2021-12-13,Delhi,14277908.867500113,0
GST000780,2022-06-15,Delhi,581.1284427465426,1
GST000781,2020-03-07,Mumbai,493345.396382095,0
GST000782,2022-01-23,Mumbai,356999.01953285385,0
GST000783,2020-11-01,Chennai,198974334.65487888,0
GST000784,2021-01-05,Kolkata,4867932.465970279,0
GST000785,2022-04-06,Chennai,805344.3583352306,0
GST000786,2020-08-06,Chennai,295754.17083535576,0
GST000787,2022-06-07,Bangalore,2713288.175546949,0
GST000788,2022-03-23,Bangalore,5590011.289978989,0
GST000789,2020-10-20,Delhi,11998896.468469977,0
GST000790,2021-05-04,Kolkata,99898.13751694384,0
GST000791,2021-12-20,Bangalore,487813.69598040986,0
GST000792,2020-02-08,Bangalore,71293365.68588679,0
GST000793,2021-05-29,Kolkata,10620274.657765942,0
GST000794,2022-06-27,Kolkata,1383225.8844327119,0
GST000795,2020-10-18,Mumbai,14258047.524570003,0
GST000796,2020-08-17,Kolkata,27346591.497096468,0
GST000797,2020-12-01,Bangalore,988922.3680286309,0
GST000798,2020-09-04,Kolkata,13272491.602457024,0
GST000799,2021-05-05,Chennai,2419427.0801654295,0
GST000800,2021-06-05,Mumbai,34083353.40944403,0
GST000801,2020-12-24,Chennai,110003749.37165678,0
GST000802,2020-12-19,Chennai,19291354.56481208,0
GST000803,2020-07-26,Kolkata,23563892.192005344,0
GST000804,2020-11-16,Kolkata,39267099.798399635,0
GST000805,2021-05-16,Delhi,3035490.8351499247,0
GST000806,2021-12-14,Kolkata,5048867.927810486,0
GST000807,2020-01-18,Bangalore,34389796.109202586,0
GST000808,2022-03-10,Mumbai,38868529.04722935,0
GST000809,2022-06-06,Mumbai,20302377.382917542,0
GST000810,2021-09-21,Kolkata,10114675.044551592,0
GST000811,2021-01-22,Chennai,12404387.039148567,0
GST000812,2022-08-27,Delhi,3401597.9200654295,0
GST000813,2020-07-27,Delhi,3694546.584275437,0
GST000814,2020-04-12,Delhi,1071913.116377985,0
GST000815,2020-11-29,Bangalore,440981.6460246165,0
GST000816,2022-02-11,Delhi,384873.15080358885,0
GST000817,2020-12-08,Kolkata,3278976.4975888683,0
GST000818,2020-09-12,Kolkata,37392080.82611201,0
GST000819,2022-01-09,Kolkata,6046407.547164909,0
GST000820,2021-03-15,Mumbai,9074948.158913195,0
GST000821,2020-10-08,Kolkata,6282124.343850954,0
GST000822,2020-11-27,Kolkata,1326071.7470681304,0
GST000823,2020-03-02,Bangalore,3848553.677388421,0
GST000824,2020-10-04,Delhi,3809.442834064591,1
GST000825,2021-06-13,Mumbai,634987.9657995645,0
GST000826,2022-02-03,Chennai,3563880.769170499,0
GST000827,2022-05-05,Mumbai,4541033.318682148,0
GST000828,2021-03-07,Bangalore,29442697.251930803,0
GST000829,2021-05-31,Mumbai,251373.06714701335,0
GST000830,2021-11-23,Delhi,405.1104873300929,1
GST000831,2021-04-26,Chennai,1826227.227604022,0
GST000832,2021-12-16,Delhi,139.91892021523793,1
GST000833,2021-05-09,Mumbai,26884711.66345083,0
GST000834,2022-05-07,Kolkata,68241770.47359148,0
GST000835,2022-08-05,Chennai,559230.8706099483,0
GST000836,2021-02-19,Delhi,10402982.37906202,0
GST000837,2021-10-02,Mumbai,20331.249324136043,1
GST000838,2022-02-12,Chennai,3874030.0827545123,1
GST000839,2022-08-13,Mumbai,66018182.709472716,0
GST000840,2022-06-13,Kolkata,2149249.277739674,0
GST000841,2021-09-02,Mumbai,12800422.180147165,0
GST000842,2020-04-01,Chennai,2581902.696331033,0
GST000843,2022-06-11,Mumbai,2096928.127213973,0
GST000844,2022-07-02,Bangalore,448628.3067847048,0
GST000845,2020-03-22,Kolkata,8598360.974519184,0
GST000846,2021-05-02,Bangalore,1991191.8111195453,0
GST000847,2022-03-11,Bangalore,4452065.784133538,0
GST000848,2022-09-15,Kolkata,7651.043869295995,1
GST000849,2021-03-22,Mumbai,4097396.296294131,0
GST000850,2021-05-19,Mumbai,11010.045280883747,1
GST000851,2021-11-28,Kolkata,257732.0120731532,0
GST000852,2021-02-13,Delhi,25624.430911744224,0
GST000853,2020-01-17,Bangalore,14971712.23580861,0
GST000854,2020-06-11,Kolkata,96979.90649109636,1
GST000855,2020-08-07,Chennai,308851.9317917167,0
GST000856,2020-01-12,Kolkata,3286906.0965762036,0
GST000857,2022-08-13,Bangalore,953300.0753273536,0
GST000858,2022-03-01,Mumbai,1032831.3608657928,0
GST000859,2021-02-03,Bangalore,890066.6198840875,0
GST000860,2020-10-06,Mumbai,221829.09411618643,0
GST000861,2020-07-22,Bangalore,39848044.75298263,0
GST000862,2021-02-17,Mumbai,7873390.033551387,0
GST000863,2022-06-30,Mumbai,8193249.681181854,0
GST000864,2021-08-14,Bangalore,192059.58874259953,0
GST000865,2021-12-09,Kolkata,23508077.635616988,0
GST000866,2020-04-19,Delhi,4473841.490511926,0
GST000867,2020-12-07,Delhi,1197422.1232328224,0
GST000868,2020-04-21,Bangalore,9385727.014568668,0
GST000869,2020-11-10,Kolkata,12604214.77909132,0
GST000870,2022-06-07,Delhi,404775.89095844683,0
GST000871,2022-05-23,Kolkata,1624780.944603765,0
GST000872,2020-10-01,Kolkata,28542257.621193033,0
GST000873,2020-09-16,Chennai,132955713.19816837,0
GST000874,2022-01-19,Mumbai,4964944.463263887,0
GST000875,2021-05-22,Mumbai,1231241.2124461692,0
GST000876,2021-10-07,Delhi,23206103.57889072,0
GST000877,2022-05-24,Mumbai,67593024.06601834,0
GST000878,2021-02-20,Chennai,1630056.4731532708,0
GST000879,2020-12-08,Kolkata,19860457.144510854,0
GST000880,2022-07-31,Chennai,3271442.705459396,0
GST000881,2020-11-03,Bangalore,545654.2597065289,0
GST000882,2020-03-21,Delhi,390250.5967760498,0
GST000883,2020-09-14,Chennai,2284298.683626382,0
GST000884,2020-05-08,Chennai,131262.68608975902,0
GST000885,2022-06-05,Delhi,779240.281774832,0
GST000886,2020-03-21,Mumbai,335307.93933063117,1
GST000887,2022-06-19,Chennai,622669.8542757719,0
GST000888,2022-04-29,Chennai,278564575.6822314,0
GST000889,2021-03-19,Bangalore,510680.78705952794,1
GST000890,2020-07-07,Delhi,3822455.4671726273,0
GST000891,2020-07-22,Chennai,1256886.6516126953,0
GST000892,2022-08-20,Bangalore,312785744.19368887,0
GST000893,2020-04-20,Delhi,11545079.041394684,0
GST000894,2022-04-23,Bangalore,5558515.503204047,0
GST000895,2022-07-23,Bangalore,3052447.560088867,0
GST000896,2022-08-16,Kolkata,149175.33342341197,0
GST000897,2021-09-16,Mumbai,835290.5768950881,0
GST000898,2020-08-11,Kolkata,757642.0335698492,0
GST000899,2020-05-23,Delhi,1324655.2316160593,0
GST000900,2020-11-24,Mumbai,1354485.730048953,0
GST000901,2021-01-01,Mumbai,75133097.30080716,0
GST000902,2022-03-20,Mumbai,9466987.454660367,0
GST000903,2022-04-10,Kolkata,1665193.5768441227,0
GST000904,2022-09-02,Kolkata,689001076.5114774,0
GST000905,2020-09-30,Delhi,631695.1109108357,0
GST000906,2022-08-05,Mumbai,1244480.6739920739,0
GST000907,2020-08-16,Mumbai,1768411.0976379623,0
GST000908,2022-04-11,Delhi,8590216.382559322,0
GST000909,2021-07-28,Chennai,2043268.177796971,0
GST000910,2021-02-02,Bangalore,150655.3328121751,0
GST000911,2021-07-28,Kolkata,38422.977579238526,1
GST000912,2020-03-14,Chennai,179803.91170613575,0
GST000913,2020-04-05,Chennai,18332541.055192057,0
GST000914,2022-01-07,Kolkata,105575.5575256262,0
GST000915,2022-09-09,Delhi,10789985.244627219,0
GST000916,2022-08-10,Mumbai,349384.0590642123,0
GST000917,2022-05-10,Delhi,2407819.587050051,0
GST000918,2020-08-24,Mumbai,20727085.34113726,0
GST000919,2021-12-10,Mumbai,14904552.776153496,0
GST000920,2020-09-17,Delhi,14402322.410312638,0
GST000921,2022-08-03,Mumbai,1918372.7967587,0
GST000922,2020-07-16,Chennai,1976463.1747493257,0
GST000923,2022-07-09,Bangalore,415007.7123642888,0
GST000924,2021-11-25,Delhi,1502677.2200811661,0
GST000925,2021-10-06,Chennai,311722.02427240025,0
GST000926,2020-03-04,Kolkata,1108507.3477896166,0
GST000927,2021-03-06,Chennai,312197407.1604771,0
GST000928,2021-11-09,Bangalore,1563502.4142478365,0
GST000929,2020-02-02,Kolkata,746442.6460603899,0
GST000930,2021-02-09,Mumbai,5151876.009121243,0
GST000931,2021-08-22,Bangalore,2374929.413525834,0
GST000932,2022-04-08,Kolkata,10492185.571857318,1
GST000933,2021-06-15,Bangalore,225423.85278802615,0
GST000934,2020-04-12,Mumbai,439058.99633878,0
GST000935,2022-08-26,Bangalore,1694684.8547523117,0
GST000936,2021-11-06,Bangalore,11930.45754688613,0
GST000937,2022-08-02,Bangalore,3205142.818559464,0
GST000938,2020-08-14,Kolkata,2810281.511354917,0
GST000939,2022-09-02,Bangalore,1242033.2938917598,0
GST000940,2020-03-09,Delhi,20963.914936624766,0
GST000941,2020-02-15,Kolkata,5343070.037079508,0
GST000942,2021-05-16,Mumbai,8337336.777156235,0
GST000943,2022-07-27,Chennai,22097.140237526044,0
GST000944,2020-08-22,Chennai,3466418.9458914995,0
GST000945,2022-06-21,Kolkata,16570959.663702656,0
GST000946,2022-01-06,Kolkata,3877636.8808017406,0
GST000947,2021-12-11,Chennai,9895495.175219133,0
GST000948,2022-04-20,Kolkata,5098309.198688958,0
GST000949,2020-10-01,Bangalore,4567856.441012303,0
GST000950,2022-02-14,Delhi,1505179.6153438564,0
GST000951,2021-06-02,Bangalore,2532425.559405931,0
GST000952,2021-07-02,Bangalore,30509171.993800253,0
GST000953,2021-05-05,Delhi,490118.7104787194,0
GST000954,2020-01-13,Kolkata,84334351.59541625,0
GST000955,2020-12-30,Bangalore,1555948.0847585767,0
GST000956,2020-10-10,Delhi,2101241.2748609455,0
GST000957,2021-09-13,Delhi,18.861184246609806,1
GST000958,2022-02-06,Delhi,10831203.831969947,0
GST000959,2021-05-10,Bangalore,2900584.595514241,0
GST000960,2021-07-19,Kolkata,2528436.349618686,0
GST000961,2021-07-09,Chennai,4438848.084437644,0
GST000962,2021-02-28,Mumbai,12756041.650673525,0
GST000963,2021-12-19,Delhi,18279683.211686235,0
GST000964,2021-05-07,Chennai,4008482.3758271313,0
GST000965,2021-03-31,Delhi,40084611.92285805,0
GST000966,2022-02-15,Mumbai,36226685.19722123,0
GST000967,2020-09-13,Bangalore,4115219.325636643,0
GST000968,2020-04-04,Delhi,235618.59007043368,0
GST000969,2020-10-04,Mumbai,346492.78647687414,0
GST000970,2020-09-26,Bangalore,607353.8965580101,0
GST000971,2020-01-21,Delhi,20624385.144647043,0
GST000972,2020-06-22,Mumbai,12470178.851147614,0
GST000973,2021-10-12,Bangalore,1350741.8135345927,0
GST000974,2021-10-30,Chennai,7267500.086066562,0
GST000975,2020-09-19,Mumbai,3697967.964929655,0
GST000976,2020-06-19,Kolkata,220039.67474609154,1
GST000977,2021-06-01,Delhi,18903427.986136496,0
GST000978,2020-08-10,Mumbai,5932761.568815906,0
GST000979,2020-04-21,Bangalore,9262835.969664756,0
GST000980,2021-10-20,Kolkata,41912084.52111376,0
GST000981,2020-08-10,Chennai,713274.2004861477,0
GST000982,2021-11-11,Bangalore,3803020.738713994,0
GST000983,2021-03-23,Bangalore,41516278.59218618,0
GST000984,2020-02-18,Kolkata,3230481.923949307,0
GST000985,2020-12-02,Delhi,540986.2230055649,0
GST000986,2020-12-23,Delhi,2634944.7289717095,0
GST000987,2021-01-25,Bangalore,8176559.225230409,0
GST000988,2021-07-15,Delhi,300114.4733032301,0
GST000989,2022-08-03,Mumbai,1594375.591787177,0
GST000990,2021-04-30,Mumbai,6867199.619775619,0
GST000991,2021-02-07,Delhi,2599249.80056439,0
GST000992,2021-02-26,Mumbai,13114462.059823008,0
GST000993,2022-06-11,Bangalore,14541054.225704042,0
GST000994,2021-07-17,Chennai,60203268.88718374,0
GST000995,2022-09-26,Delhi,51802.87412387237,1
GST000996,2020-08-28,Kolkata,1854707.8570886967,0
GST000997,2020-09-17,Mumbai,884432.6590781732,0
GST000998,2020-04-11,Kolkata,2754286.2473543887,0
GST000999,2021-11-03,Bangalore,4377910.6668098215,0
